{
  "Logistic Regression": {
    "PR_AUC": 0.7179348639630626,
    "ROC_AUC": 0.9649039977312444,
    "F1": 0.47307692307692306,
    "Precision": 0.33064516129032256,
    "Recall": 0.831081081081081,
    "confusion_matrix": [
      [
        85046,
        249
      ],
      [
        25,
        123
      ]
    ]
  },
  "Random Forest": {
    "PR_AUC": 0.7832367425673978,
    "ROC_AUC": 0.9770626743749435,
    "F1": 0.6858789625360231,
    "Precision": 0.5979899497487438,
    "Recall": 0.8040540540540541,
    "confusion_matrix": [
      [
        85215,
        80
      ],
      [
        29,
        119
      ]
    ]
  },
  "XGBoost": {
    "PR_AUC": 0.8349145979733508,
    "ROC_AUC": 0.9740011613113788,
    "F1": 0.8315412186379928,
    "Precision": 0.8854961832061069,
    "Recall": 0.7837837837837838,
    "confusion_matrix": [
      [
        85280,
        15
      ],
      [
        32,
        116
      ]
    ]
  }
}